{"count":1,"gauges":{"Ball.CumulativeReward":{"count":4184,"max":0.995,"min":-34.1499023,"value":0.8419998,"weightedAverage":0.823834956}},"self":43.6846144,"total":216.11178479999998,"children":{"AgentSendState":{"count":51142,"self":7.0420376,"total":45.7373493,"children":{"CollectObservations":{"count":255725,"self":1.75423,"total":1.7542301,"children":null},"AgentInfo.ToProto":{"count":255725,"self":4.273872,"total":36.941081499999996,"children":{"GenerateSensorData":{"count":255725,"self":6.0293816,"total":32.667209299999996,"children":{"RayPerceptionSensor.Perceive":{"count":255725,"self":26.6378272,"total":26.6378277,"children":null}}}}}}},"DecideAction":{"count":51142,"self":124.3430528,"total":124.34305739999999,"children":null},"AgentAct":{"count":51142,"self":1.5350188999999999,"total":1.5350188999999999,"children":null},"AgentInfo.ToProto":{"count":4184,"self":0.0838295,"total":0.8108569,"children":{"GenerateSensorData":{"count":4184,"self":0.10275849999999999,"total":0.7270274,"children":{"RayPerceptionSensor.Perceive":{"count":4184,"self":0.6242689,"total":0.6242689,"children":null}}}}}}}