{"count":1,"gauges":{"Ball.CumulativeReward":{"count":33,"max":0.965000033,"min":0.274,"value":0.852999866,"weightedAverage":0.867720366}},"self":105.1128064,"total":106.8483005,"children":{"AgentSendState":{"count":5271,"self":0.0770261,"total":0.084912,"children":{"CollectObservations":{"count":1055,"self":0.0078859,"total":0.0078859,"children":null}}},"DecideAction":{"count":5271,"self":1.4886481999999999,"total":1.5938731,"children":{"RayPerceptionSensor.Perceive":{"count":1055,"self":0.1052249,"total":0.1052249,"children":null}}},"AgentAct":{"count":5271,"self":0.055683899999999995,"total":0.055683899999999995,"children":null}}}