{"count":1,"gauges":{"Ball.CumulativeReward":{"count":40,"max":0.9975,"min":0.2773027,"value":0.9889,"weightedAverage":0.9847448}},"self":29.466195199999998,"total":31.6750358,"children":{"AgentSendState":{"count":6400,"self":0.1421237,"total":0.38541509999999995,"children":{"CollectObservations":{"count":1280,"self":0.2432914,"total":0.2432914,"children":null}}},"DecideAction":{"count":6400,"self":1.7376787999999999,"total":1.7376787,"children":null},"AgentAct":{"count":6400,"self":0.0857469,"total":0.0857469,"children":null}}}