{"count":1,"gauges":{"Ball.CumulativeReward":{"count":16,"max":0.976,"min":0.6380012,"value":0.9,"weightedAverage":0.835661769}},"self":74.8193728,"total":75.6534659,"children":{"AgentSendState":{"count":3730,"self":0.1011238,"total":0.1090854,"children":{"CollectObservations":{"count":746,"self":0.0079616,"total":0.0079616,"children":null}}},"DecideAction":{"count":3730,"self":0.590602,"total":0.6791356,"children":{"RayPerceptionSensor.Perceive":{"count":746,"self":0.08853359999999999,"total":0.08853359999999999,"children":null}}},"AgentAct":{"count":3730,"self":0.045872199999999995,"total":0.045872199999999995,"children":null}}}