{"count":1,"gauges":{"Ball.CumulativeReward":{"count":2,"max":0.991,"min":0.943899632,"value":0.943899632,"weightedAverage":0.9792249}},"self":14.366947199999998,"total":14.647484599999999,"children":{"AgentSendState":{"count":704,"self":0.0169064,"total":0.0537305,"children":{"CollectObservations":{"count":141,"self":0.0368241,"total":0.0368241,"children":null}}},"DecideAction":{"count":704,"self":0.2127664,"total":0.2127664,"children":null},"AgentAct":{"count":704,"self":0.0130405,"total":0.0130405,"children":null}}}