{"count":1,"gauges":{"Ball.CumulativeReward":{"count":25,"max":0.9963,"min":0.9575999,"value":0.986,"weightedAverage":0.9818815}},"self":13.661460799999999,"total":15.7812527,"children":{"AgentSendState":{"count":3932,"self":0.11193679999999999,"total":0.4626277,"children":{"CollectObservations":{"count":787,"self":0.35069089999999997,"total":0.35069089999999997,"children":null}}},"DecideAction":{"count":3932,"self":1.5842094999999998,"total":1.5842094999999998,"children":null},"AgentAct":{"count":3932,"self":0.069952699999999993,"total":0.069952699999999993,"children":null}}}