{"count":1,"gauges":{"Ball.CumulativeReward":{"count":7,"max":0.959,"min":-1.74999392,"value":0.7339999,"weightedAverage":0.327724755}},"self":40.666604799999995,"total":41.606438399999995,"children":{"AgentSendState":{"count":2019,"self":0.037831,"total":0.0398188,"children":{"CollectObservations":{"count":404,"self":0.0019878,"total":0.0019878,"children":null}}},"DecideAction":{"count":2019,"self":0.83703929999999993,"total":0.87701219999999991,"children":{"RayPerceptionSensor.Perceive":{"count":404,"self":0.0399729,"total":0.0399729,"children":null}}},"AgentAct":{"count":2019,"self":0.0220033,"total":0.0220033,"children":null}}}