{"count":1,"gauges":{"Ball.CumulativeReward":{"count":19,"max":0.951000035,"min":0.6410011,"value":0.7739997,"weightedAverage":0.8197758}},"self":70.980076799999992,"total":71.6962293,"children":{"AgentSendState":{"count":3537,"self":0.0577793,"total":0.0607889,"children":{"CollectObservations":{"count":708,"self":0.0030096,"total":0.0030096,"children":null}}},"DecideAction":{"count":3537,"self":0.53066649999999993,"total":0.6113952,"children":{"RayPerceptionSensor.Perceive":{"count":708,"self":0.0807287,"total":0.0807287,"children":null}}},"AgentAct":{"count":3537,"self":0.042970499999999995,"total":0.042970499999999995,"children":null}}}