{"count":1,"gauges":{"Ball.CumulativeReward":{"count":5,"max":0.8779999,"min":0.647001,"value":0.783999741,"weightedAverage":0.7736054}},"self":24.905696,"total":25.1827059,"children":{"AgentSendState":{"count":1220,"self":0.021013499999999997,"total":0.023996,"children":{"CollectObservations":{"count":244,"self":0.0029825,"total":0.0029825,"children":null}}},"DecideAction":{"count":1220,"self":0.21008169999999998,"total":0.24208549999999998,"children":{"RayPerceptionSensor.Perceive":{"count":244,"self":0.0320038,"total":0.0320038,"children":null}}},"AgentAct":{"count":1220,"self":0.0099277,"total":0.0099277,"children":null}}}