{"count":1,"gauges":{"Ball.CumulativeReward":{"count":9,"max":0.848999858,"min":0.2540061,"value":0.6660008,"weightedAverage":0.631825864}},"self":20.2715584,"total":21.0670611,"children":{"AgentSendState":{"count":3649,"self":0.0517944,"total":0.19840919999999998,"children":{"CollectObservations":{"count":730,"self":0.1466148,"total":0.1466148,"children":null}}},"DecideAction":{"count":3649,"self":0.5622635,"total":0.5622635,"children":null},"AgentAct":{"count":3649,"self":0.033836399999999996,"total":0.033836399999999996,"children":null}}}