{"count":1,"gauges":{"Hunted.CumulativeReward":{"count":239,"max":1,"min":-1.11199987,"value":1,"weightedAverage":0.9982803},"Hunter.CumulativeReward":{"count":478,"max":1,"min":-1.61199927,"value":-1,"weightedAverage":-1.04256606}},"self":8.136184,"total":56.811502399999995,"children":{"AgentSendState":{"count":7209,"self":2.389008,"total":15.858362,"children":{"CollectObservations":{"count":108150,"self":0.6106249,"total":0.6106249,"children":null},"AgentInfo.ToProto":{"count":108150,"self":1.4885351,"total":12.858729199999999,"children":{"GenerateSensorData":{"count":108150,"self":2.3707848,"total":11.370194099999999,"children":{"RayPerceptionSensor.Perceive":{"count":108150,"self":8.9994096,"total":8.9994091999999988,"children":null}}}}}}},"DecideAction":{"count":7209,"self":32.2382048,"total":32.2382059,"children":null},"AgentAct":{"count":7209,"self":0.4955728,"total":0.4955728,"children":null},"AgentInfo.ToProto":{"count":717,"self":0.010930599999999999,"total":0.0821789,"children":{"GenerateSensorData":{"count":717,"self":0.019982399999999997,"total":0.0712483,"children":{"RayPerceptionSensor.Perceive":{"count":717,"self":0.051265899999999996,"total":0.051265899999999996,"children":null}}}}}}}