{"count":1,"gauges":{},"self":9.2292352,"total":9.4382144999999991,"children":{"AgentSendState":{"count":440,"self":0.0110216,"total":0.015029299999999999,"children":{"CollectObservations":{"count":264,"self":0.0040076999999999995,"total":0.0040076999999999995,"children":null}}},"DecideAction":{"count":440,"self":0.16088729999999998,"total":0.1828967,"children":{"RayPerceptionSensor.Perceive":{"count":264,"self":0.0220094,"total":0.0220094,"children":null}}},"AgentAct":{"count":440,"self":0.0100808,"total":0.0100808,"children":null}}}