{"count":1,"gauges":{"Hunted.CumulativeReward":{"count":1,"max":-1.056,"min":-1.056,"value":-1.056,"weightedAverage":-1.056},"Hunter.CumulativeReward":{"count":2,"max":1,"min":1,"value":1,"weightedAverage":1}},"self":18.360550399999997,"total":18.763191799999998,"children":{"AgentSendState":{"count":888,"self":0.023769199999999997,"total":0.0297147,"children":{"CollectObservations":{"count":534,"self":0.0059454999999999994,"total":0.0059454999999999994,"children":null}}},"DecideAction":{"count":888,"self":0.3053279,"total":0.35310759999999997,"children":{"RayPerceptionSensor.Perceive":{"count":534,"self":0.047779699999999994,"total":0.047779699999999994,"children":null}}},"AgentAct":{"count":888,"self":0.0188333,"total":0.0188333,"children":null}}}