{"count":1,"gauges":{"VolleyballPlayer.CumulativeReward":{"count":4,"max":1,"min":-1,"value":-1,"weightedAverage":-0.0625}},"self":11.026223199999999,"total":11.3131045,"children":{"AgentSendState":{"count":518,"self":0.016989499999999998,"total":0.024938699999999998,"children":{"CollectObservations":{"count":208,"self":0.0079492,"total":0.0079492,"children":null}}},"DecideAction":{"count":518,"self":0.25297159999999996,"total":0.25297159999999996,"children":null},"AgentAct":{"count":518,"self":0.007973,"total":0.007973,"children":null}}}