{"count":1,"gauges":{"VolleyballPlayer.CumulativeReward":{"count":4,"max":1.35099673,"min":-0.449003518,"value":-0.449003518,"weightedAverage":0.141061008}},"self":11.7809672,"total":11.954669899999999,"children":{"AgentSendState":{"count":560,"self":0.020957299999999998,"total":0.0269289,"children":{"CollectObservations":{"count":224,"self":0.0059716,"total":0.0059716,"children":null}}},"DecideAction":{"count":560,"self":0.1357843,"total":0.1357843,"children":null},"AgentAct":{"count":560,"self":0.0099893,"total":0.0099893,"children":null}}}