{"count":1,"gauges":{"VolleyballPlayer.CumulativeReward":{"count":4,"max":1.63399541,"min":-0.3660046,"value":-0.3660046,"weightedAverage":0.214872986}},"self":16.4817616,"total":16.741020799999998,"children":{"AgentSendState":{"count":776,"self":0.019004899999999998,"total":0.0200058,"children":{"CollectObservations":{"count":312,"self":0.0010008999999999999,"total":0.0010008999999999999,"children":null}}},"DecideAction":{"count":776,"self":0.2302233,"total":0.2302233,"children":null},"AgentAct":{"count":776,"self":0.008031,"total":0.008031,"children":null}}}