{"count":1,"gauges":{"VolleyballPlayer.CumulativeReward":{"count":44,"max":1,"min":-1,"value":-1,"weightedAverage":-0.00207602233}},"self":169.8757248,"total":171.5863125,"children":{"AgentSendState":{"count":8345,"self":0.1408047,"total":0.184656,"children":{"CollectObservations":{"count":3338,"self":0.043851299999999996,"total":0.043851299999999996,"children":null}}},"DecideAction":{"count":8345,"self":1.4121584999999999,"total":1.4121584999999999,"children":null},"AgentAct":{"count":8345,"self":0.1127706,"total":0.1127706,"children":null}}}