{"count":1,"gauges":{"VolleyballPlayer.CumulativeReward":{"count":20,"max":1,"min":-1,"value":-1,"weightedAverage":-0.00375437}},"self":43.6892352,"total":44.229999299999996,"children":{"AgentSendState":{"count":2118,"self":0.0530009,"total":0.060005499999999996,"children":{"CollectObservations":{"count":848,"self":0.0070046,"total":0.0070046,"children":null}}},"DecideAction":{"count":2118,"self":0.4457391,"total":0.4457391,"children":null},"AgentAct":{"count":2118,"self":0.0330183,"total":0.0330183,"children":null}}}